-- 0025_accounting_reference_seed.sql
--
-- v2 accounting — reference/law seeds (regime · vat_regime · currency · legal_form ·
-- accounting_size · depreciation_group · business_activity · account_group · directive_account).
--
-- GENERATED by packages/db/scripts/gen-coa-seed.ts from the KB směrná účtová osnova
-- (coa.json, Decree 500/2002 Sb.). Reference tables hold the law — no tenant data, no RLS.
-- Idempotent (ON CONFLICT DO NOTHING). Re-generate with the script; do not hand-edit rows.
--
-- account_group statement-line columns (balance_sheet_line / *_when_debit/_credit /
-- income_statement_line): VERIFIED against the CURRENT consolidated Vyhláška 500/2002
-- Sb. Příloha 1 (rozvaha) / Příloha 2 (VZZ druhové) by a research-advisor pass — most
-- rows HIGH confidence. The cascade is complete (app_unmapped_account_groups() = 0 rows).
-- ⚠ HUMAN GATE (Open Decision 5): a few rows still need Hleb's final sign-off — groups
-- 35/36 (maturity/counterparty split), 47 (471-479 scatter; catch-all C.I.9.3), 49
-- (no FO-specific equity row in the decree; A.I.1 substitute), 57 (financial provisions),
-- 69 (697/698 převodové marked is_internal = off-statement). Verified corrections vs the
-- old draft: bank loans 23/24/46 → C.II.2 / C.II.8.2 / C.I.2 (not B.II); trade payables
-- 32 → C.II.4; deferred tax 48 → C.II.1.4 / C.I.8 (not B.II.8); VZZ uses the current
-- Příloha-2 letter scheme (no pre-2016 "Q"). See statement-line-mapping-review.md.
-- ⚠ legal_form / legal_form_allowed_regime and the §1b accounting_size thresholds are
-- a sensible baseline pending law review. business_activity is a MINIMAL NACE set
-- (top-level sections only); the full ~1763-row ČSÚ CZ-NACE bulk is deferred.

BEGIN;

-- regime (§13, §13b ZoÚ; §7b ZDP)
INSERT INTO regime (code, name, requires_chart_of_accounts, book_kind) VALUES
  ('DOUBLE_ENTRY', 'Podvojné účetnictví', true,  'LEDGER'),
  ('SINGLE_ENTRY', 'Jednoduché účetnictví', false, 'MONETARY_JOURNAL'),
  ('TAX_RECORDS',  'Daňová evidence', false, 'MONETARY_JOURNAL')
ON CONFLICT (code) DO NOTHING;

-- vat_regime
INSERT INTO vat_regime (code, name) VALUES
  ('NON_PAYER', 'Neplátce DPH'),
  ('PAYER', 'Plátce DPH'),
  ('IDENTIFIED_PERSON', 'Identifikovaná osoba')
ON CONFLICT (code) DO NOTHING;

-- currency (ISO 4217)
INSERT INTO currency (code, name, minor_units) VALUES
  ('CZK', 'Česká koruna', 2),
  ('EUR', 'Euro', 2),
  ('USD', 'US dollar', 2),
  ('GBP', 'Britská libra', 2),
  ('PLN', 'Polský zlotý', 2)
ON CONFLICT (code) DO NOTHING;

-- legal_form (⚠ baseline pending law review)
INSERT INTO legal_form (code, name, person_type, mandatory_double_entry, audit_possible) VALUES
  ('OSVC',     'Fyzická osoba podnikající (OSVČ)', 'NATURAL', false, false),
  ('SRO',      'Společnost s ručením omezeným (s.r.o.)', 'LEGAL', true,  true),
  ('AS',       'Akciová společnost (a.s.)', 'LEGAL', true,  true),
  ('VOS',      'Veřejná obchodní společnost (v.o.s.)', 'LEGAL', true,  true),
  ('KS',       'Komanditní společnost (k.s.)', 'LEGAL', true,  true),
  ('DRUZSTVO', 'Družstvo', 'LEGAL', true,  true),
  ('SPOLEK',   'Spolek', 'LEGAL', false, true),
  ('NADACE',   'Nadace', 'LEGAL', true,  true),
  ('USTAV',    'Ústav', 'LEGAL', true,  true),
  ('SVJ',      'Společenství vlastníků jednotek', 'LEGAL', false, true)
ON CONFLICT (code) DO NOTHING;

INSERT INTO legal_form_allowed_regime (legal_form_code, regime_code) VALUES
  ('OSVC', 'TAX_RECORDS'), ('OSVC', 'DOUBLE_ENTRY'),
  ('SRO', 'DOUBLE_ENTRY'), ('AS', 'DOUBLE_ENTRY'),
  ('VOS', 'DOUBLE_ENTRY'), ('KS', 'DOUBLE_ENTRY'),
  ('DRUZSTVO', 'DOUBLE_ENTRY'), ('NADACE', 'DOUBLE_ENTRY'), ('USTAV', 'DOUBLE_ENTRY'),
  ('SPOLEK', 'SINGLE_ENTRY'), ('SPOLEK', 'DOUBLE_ENTRY'),
  ('SVJ', 'SINGLE_ENTRY'), ('SVJ', 'DOUBLE_ENTRY')
ON CONFLICT (legal_form_code, regime_code) DO NOTHING;

-- accounting_size (§1b ZoÚ; 2-of-3 thresholds in CZK). Asset/turnover limits raised
-- +20% by zákon č. 316/2025 Sb. (effective for účetní období beginning from 2024).
INSERT INTO accounting_size (code, name, max_assets, max_net_turnover, max_average_employees) VALUES
  ('MICRO',  'Mikro účetní jednotka',  11000000,   22000000,    10),
  ('SMALL',  'Malá účetní jednotka',   120000000,  240000000,   50),
  ('MEDIUM', 'Střední účetní jednotka',600000000,  1200000000,  250),
  ('LARGE',  'Velká účetní jednotka',  NULL,       NULL,        NULL)
ON CONFLICT (code) DO NOTHING;

-- depreciation_group (ZDP §30 Příloha 1 + §31 rovnoměrné / §32 zrychlené)
INSERT INTO depreciation_group (code, period_years, linear_rate_first, linear_rate_subsequent, linear_rate_improvement, accel_coeff_first, accel_coeff_subsequent, accel_coeff_improvement, name) VALUES
  (1, 3,  20.0,   40.0,   33.3, 3,  4,  3,  'Odpisová skupina 1 (3 roky)'),
  (2, 5,  11.0,   22.25,  20.0, 5,  6,  5,  'Odpisová skupina 2 (5 let)'),
  (3, 10, 5.5,    10.5,   10.0, 10, 11, 10, 'Odpisová skupina 3 (10 let)'),
  (4, 20, 2.15,   5.15,   5.0,  20, 21, 20, 'Odpisová skupina 4 (20 let)'),
  (5, 30, 1.4,    3.4,    3.4,  30, 31, 30, 'Odpisová skupina 5 (30 let)'),
  (6, 50, 1.02,   2.02,   2.0,  50, 51, 50, 'Odpisová skupina 6 (50 let)')
ON CONFLICT (code) DO NOTHING;

-- business_activity (⚠ MINIMAL: CZ-NACE top-level sections only; full ~1763-row bulk deferred)
INSERT INTO business_activity (code, level, parent_code, name_cs, name_en) VALUES
  ('A', 1, NULL, 'Zemědělství, lesnictví a rybářství', 'Agriculture, forestry and fishing'),
  ('B', 1, NULL, 'Těžba a dobývání', 'Mining and quarrying'),
  ('C', 1, NULL, 'Zpracovatelský průmysl', 'Manufacturing'),
  ('D', 1, NULL, 'Výroba a rozvod elektřiny, plynu, tepla', 'Electricity, gas, steam supply'),
  ('E', 1, NULL, 'Zásobování vodou; činnosti související s odpady', 'Water supply; waste management'),
  ('F', 1, NULL, 'Stavebnictví', 'Construction'),
  ('G', 1, NULL, 'Velkoobchod a maloobchod; opravy motorových vozidel', 'Wholesale and retail trade'),
  ('H', 1, NULL, 'Doprava a skladování', 'Transportation and storage'),
  ('I', 1, NULL, 'Ubytování, stravování a pohostinství', 'Accommodation and food service'),
  ('J', 1, NULL, 'Informační a komunikační činnosti', 'Information and communication'),
  ('K', 1, NULL, 'Peněžnictví a pojišťovnictví', 'Financial and insurance activities'),
  ('L', 1, NULL, 'Činnosti v oblasti nemovitostí', 'Real estate activities'),
  ('M', 1, NULL, 'Profesní, vědecké a technické činnosti', 'Professional, scientific and technical'),
  ('N', 1, NULL, 'Administrativní a podpůrné činnosti', 'Administrative and support service'),
  ('O', 1, NULL, 'Veřejná správa a obrana', 'Public administration and defence'),
  ('P', 1, NULL, 'Vzdělávání', 'Education'),
  ('Q', 1, NULL, 'Zdravotní a sociální péče', 'Human health and social work'),
  ('R', 1, NULL, 'Kulturní, zábavní a rekreační činnosti', 'Arts, entertainment and recreation'),
  ('S', 1, NULL, 'Ostatní činnosti', 'Other service activities'),
  ('T', 1, NULL, 'Činnosti domácností jako zaměstnavatelů', 'Activities of households as employers'),
  ('U', 1, NULL, 'Činnosti exteritoriálních organizací', 'Activities of extraterritorial organisations')
ON CONFLICT (code) DO NOTHING;

-- account_group (Decree 500/2002 Příloha 4 binding skupina; ⚠ statement lines = DRAFT)
INSERT INTO account_group (code, class, name_cs, name_en, nature, is_internal, is_valuation_adjustment, balance_sheet_line, balance_sheet_line_when_debit, balance_sheet_line_when_credit, income_statement_line) VALUES
  ('01', 0, 'Dlouhodobý nehmotný majetek', 'Long-term Intangible Assets', 'ASSET', false, false, 'B.I', NULL, NULL, NULL),
  ('02', 0, 'Dlouhodobý hmotný majetek odpisovaný', 'Depreciable Long-term Tangible Assets', 'ASSET', false, false, 'B.II.2', NULL, NULL, NULL),
  ('03', 0, 'Dlouhodobý hmotný majetek neodpisovaný', 'Non-depreciable Long-term Tangible Assets', 'ASSET', false, false, 'B.II.1.1', NULL, NULL, NULL),
  ('04', 0, 'Pořízení dlouhodobého majetku', 'Long-term Asset Acquisition in Progress', 'ASSET', false, false, 'B.II.5.2', NULL, NULL, NULL),
  ('05', 0, 'Poskytnuté zálohy na dlouhodobý majetek', 'Advances for Long-term Assets', 'ASSET', false, false, 'B.II.5.1', NULL, NULL, NULL),
  ('06', 0, 'Dlouhodobý finanční majetek', 'Long-term Financial Assets', 'ASSET', false, false, 'B.III', NULL, NULL, NULL),
  ('07', 0, 'Oprávky k dlouhodobému nehmotnému majetku', 'Accumulated Amortization — DNM', 'ASSET', false, true, 'B.I', NULL, NULL, NULL),
  ('08', 0, 'Oprávky k dlouhodobému hmotnému majetku', 'Accumulated Depreciation — DHM', 'ASSET', false, true, 'B.II', NULL, NULL, NULL),
  ('09', 0, 'Opravné položky k dlouhodobému majetku', 'Impairment Allowances — Long-term Assets', 'ASSET', false, true, 'B.II', NULL, NULL, NULL),
  ('11', 1, 'Materiál', 'Raw Materials', 'ASSET', false, false, 'C.I.1', NULL, NULL, NULL),
  ('12', 1, 'Zásoby vlastní výroby', 'Own-production Inventories', 'ASSET', false, false, 'C.I.2', NULL, NULL, NULL),
  ('13', 1, 'Zboží', 'Goods for Resale', 'ASSET', false, false, 'C.I.3.2', NULL, NULL, NULL),
  ('15', 1, 'Poskytnuté zálohy na zásoby', 'Advances for Inventories', 'ASSET', false, false, 'C.I.5', NULL, NULL, NULL),
  ('19', 1, 'Opravné položky k zásobám', 'Impairment Allowances — Inventories', 'ASSET', false, true, 'C.I.1', NULL, NULL, NULL),
  ('21', 2, 'Peníze', 'Physical Cash', 'ASSET', false, false, 'C.IV.1', NULL, NULL, NULL),
  ('22', 2, 'Účty v bankách', 'Bank Accounts', 'ASSET', false, false, 'C.IV.2', NULL, NULL, NULL),
  ('23', 2, 'Krátkodobé bankovní úvěry', 'Short-term Bank Loans', 'LIABILITY', false, false, 'C.II.2', NULL, NULL, NULL),
  ('24', 2, 'Jiné krátkodobé finanční výpomoci', 'Other Short-term Financial Assistance', 'LIABILITY', false, false, 'C.II.8.2', NULL, NULL, NULL),
  ('25', 2, 'Krátkodobý finanční majetek', 'Short-term Financial Assets', 'ASSET', false, false, 'C.III.2', NULL, NULL, NULL),
  ('26', 2, 'Převody mezi finančními účty', 'Transfers Between Financial Accounts', 'ASSET', false, false, 'C.IV.2', NULL, NULL, NULL),
  ('29', 2, 'Opravné položky ke krátkodobému finančnímu majetku', 'Impairment — Short-term Financial Assets', 'ASSET', false, true, 'C.III.2', NULL, NULL, NULL),
  ('31', 3, 'Pohledávky', 'Receivables', 'ASSET', false, false, 'C.II.2.1', NULL, NULL, NULL),
  ('32', 3, 'Závazky', 'Payables', 'LIABILITY', false, false, 'C.II.4', NULL, NULL, NULL),
  ('33', 3, 'Zúčtování se zaměstnanci', 'Employee Settlements', 'LIABILITY', false, false, 'C.II.8.3', NULL, NULL, NULL),
  ('34', 3, 'Zúčtování daní a dotací', 'Tax and Subsidy Settlements', NULL, false, false, NULL, 'C.II.2.4.3', 'C.II.8.5', NULL),
  ('35', 3, 'Pohledávky za společníky', 'Receivables from Partners', 'ASSET', false, false, 'C.II.2.4.1', NULL, NULL, NULL),
  ('36', 3, 'Závazky ke společníkům', 'Payables to Partners', 'LIABILITY', false, false, 'C.II.8.1', NULL, NULL, NULL),
  ('37', 3, 'Jiné pohledávky a závazky', 'Other Receivables and Payables', NULL, false, false, NULL, 'C.II.2.4.6', 'C.II.8.7', NULL),
  ('38', 3, 'Přechodné účty aktiv a pasiv', 'Accrual and Deferral Accounts', NULL, false, false, NULL, 'D.1', 'C.III.1', NULL),
  ('39', 3, 'Opravné položky a vnitřní zúčtování', 'Impairment and Internal Clearing', 'ASSET', false, true, 'C.II.2.1', NULL, NULL, NULL),
  ('41', 4, 'Základní kapitál a kapitálové fondy', 'Registered Capital and Capital Funds', 'EQUITY', false, false, 'A.I.1', NULL, NULL, NULL),
  ('42', 4, 'Fondy ze zisku a převedené výsledky', 'Profit Funds and Retained Earnings', 'EQUITY', false, false, 'A.III', NULL, NULL, NULL),
  ('43', 4, 'Výsledek hospodaření', 'Current-year Result', 'EQUITY', false, false, 'A.V', NULL, NULL, NULL),
  ('45', 4, 'Rezervy', 'Provisions', 'LIABILITY', false, false, 'B.4', NULL, NULL, NULL),
  ('46', 4, 'Dlouhodobé bankovní úvěry', 'Long-term Bank Loans', 'LIABILITY', false, false, 'C.I.2', NULL, NULL, NULL),
  ('47', 4, 'Dlouhodobé závazky', 'Other Long-term Liabilities', 'LIABILITY', false, false, 'C.I.9.3', NULL, NULL, NULL),
  ('48', 4, 'Odložená daň', 'Deferred Tax', NULL, false, false, NULL, 'C.II.1.4', 'C.I.8', NULL),
  ('49', 4, 'Individuální podnikatel', 'Sole Trader Equity', 'EQUITY', false, false, 'A.I.1', NULL, NULL, NULL),
  ('50', 5, 'Spotřebované nákupy', 'Consumed Purchases', 'EXPENSE', false, false, NULL, NULL, NULL, 'A.2'),
  ('51', 5, 'Služby', 'Services', 'EXPENSE', false, false, NULL, NULL, NULL, 'A.3'),
  ('52', 5, 'Osobní náklady', 'Personnel Costs', 'EXPENSE', false, false, NULL, NULL, NULL, 'D.1'),
  ('53', 5, 'Daně a poplatky', 'Taxes and Fees', 'EXPENSE', false, false, NULL, NULL, NULL, 'F.3'),
  ('54', 5, 'Jiné provozní náklady', 'Other Operating Expenses', 'EXPENSE', false, false, NULL, NULL, NULL, 'F.5'),
  ('55', 5, 'Odpisy, rezervy, opravné položky', 'Depreciation, Provisions, Impairment', 'EXPENSE', false, false, NULL, NULL, NULL, 'E.1'),
  ('56', 5, 'Finanční náklady', 'Financial Expenses', 'EXPENSE', false, false, NULL, NULL, NULL, 'K'),
  ('57', 5, 'Rezervy finanční', 'Financial Provisions and Impairment', 'EXPENSE', false, false, NULL, NULL, NULL, 'I'),
  ('59', 5, 'Daně z příjmů a převodové účty', 'Income Tax and Transfer Accounts', 'EXPENSE', false, false, NULL, NULL, NULL, 'L.1'),
  ('60', 6, 'Tržby za vlastní výkony a zboží', 'Sales Revenue', 'REVENUE', false, false, NULL, NULL, NULL, 'I'),
  ('61', 6, 'Změny stavu zásob vlastní výroby', 'Changes in Own-production Inventory', 'REVENUE', false, false, NULL, NULL, NULL, 'B'),
  ('62', 6, 'Aktivace', 'Capitalization', 'REVENUE', false, false, NULL, NULL, NULL, 'C'),
  ('64', 6, 'Jiné provozní výnosy', 'Other Operating Revenue', 'REVENUE', false, false, NULL, NULL, NULL, 'III.3'),
  ('66', 6, 'Finanční výnosy', 'Financial Revenue', 'REVENUE', false, false, NULL, NULL, NULL, 'VII'),
  ('69', 6, 'Převodové účty', 'Transfer Accounts', 'REVENUE', true, false, NULL, NULL, NULL, NULL),
  ('70', 7, 'Závěrkové účty', 'Closing Accounts', 'CLOSING', false, false, NULL, NULL, NULL, NULL),
  ('71', 7, 'Závěrkové účty (účet zisků a ztrát)', 'Closing Accounts (P&L)', 'CLOSING', false, false, NULL, NULL, NULL, NULL),
  ('75', 7, 'Podrozvahové účty', 'Off-balance-sheet Accounts', 'OFF_BALANCE', false, false, NULL, NULL, NULL, NULL)
ON CONFLICT (code) DO NOTHING;

-- directive_account (recommendation catalogue from coa.json; statement line via group fallback)
INSERT INTO directive_account (code, group_code, name_cs, name_en, nature, normal_balance, balance_sheet_line, balance_sheet_line_when_debit, balance_sheet_line_when_credit, income_statement_line, deprecated) VALUES
  ('011', '01', 'Zřizovací výdaje', 'Formation Costs', 'ASSET', 'DEBIT', NULL, NULL, NULL, NULL, true),
  ('012', '01', 'Nehmotné výsledky výzkumu a vývoje', 'R&D Intangibles', 'ASSET', 'DEBIT', NULL, NULL, NULL, NULL, false),
  ('013', '01', 'Software', 'Software', 'ASSET', 'DEBIT', NULL, NULL, NULL, NULL, false),
  ('014', '01', 'Ocenitelná práva', 'Valuable Rights', 'ASSET', 'DEBIT', NULL, NULL, NULL, NULL, false),
  ('015', '01', 'Goodwill', 'Goodwill', 'ASSET', 'DEBIT', NULL, NULL, NULL, NULL, false),
  ('019', '01', 'Jiný dlouhodobý nehmotný majetek', 'Other Long-term Intangible Assets', 'ASSET', 'DEBIT', NULL, NULL, NULL, NULL, false),
  ('021', '02', 'Stavby', 'Buildings and Structures', 'ASSET', 'DEBIT', NULL, NULL, NULL, NULL, false),
  ('022', '02', 'Samostatné hmotné movité věci a soubory hmotných movitých věcí', 'Tangible Movable Assets — individual items and sets', 'ASSET', 'DEBIT', NULL, NULL, NULL, NULL, false),
  ('025', '02', 'Pěstitelské celky trvalých porostů', 'Perennial Cultivated Plantations', 'ASSET', 'DEBIT', NULL, NULL, NULL, NULL, false),
  ('026', '02', 'Dospělá zvířata a jejich skupiny', 'Mature Animals', 'ASSET', 'DEBIT', NULL, NULL, NULL, NULL, false),
  ('029', '02', 'Jiný dlouhodobý hmotný majetek', 'Other Depreciable Tangible Assets', 'ASSET', 'DEBIT', NULL, NULL, NULL, NULL, false),
  ('031', '03', 'Pozemky', 'Land', 'ASSET', 'DEBIT', NULL, NULL, NULL, NULL, false),
  ('032', '03', 'Umělecká díla a sbírky', 'Works of Art and Collections', 'ASSET', 'DEBIT', NULL, NULL, NULL, NULL, false),
  ('041', '04', 'Pořízení dlouhodobého nehmotného majetku', 'DNM Acquisition in Progress', 'ASSET', 'DEBIT', NULL, NULL, NULL, NULL, false),
  ('042', '04', 'Pořízení dlouhodobého hmotného majetku', 'DHM Acquisition in Progress', 'ASSET', 'DEBIT', NULL, NULL, NULL, NULL, false),
  ('043', '04', 'Pořízení dlouhodobého finančního majetku', 'Financial Asset Acquisition in Progress', 'ASSET', 'DEBIT', NULL, NULL, NULL, NULL, false),
  ('051', '05', 'Poskytnuté zálohy na DNM', 'Advances for Intangible Assets', 'ASSET', 'DEBIT', NULL, NULL, NULL, NULL, false),
  ('052', '05', 'Poskytnuté zálohy na DHM', 'Advances for Tangible Assets', 'ASSET', 'DEBIT', NULL, NULL, NULL, NULL, false),
  ('053', '05', 'Poskytnuté zálohy na finanční majetek', 'Advances for Financial Assets', 'ASSET', 'DEBIT', NULL, NULL, NULL, NULL, false),
  ('061', '06', 'Podíly — ovládaná nebo ovládající osoba', 'Equity Stakes — Controlled/Controlling', 'ASSET', 'DEBIT', NULL, NULL, NULL, NULL, false),
  ('062', '06', 'Podíly — podstatný vliv', 'Equity Stakes — Significant Influence', 'ASSET', 'DEBIT', NULL, NULL, NULL, NULL, false),
  ('063', '06', 'Ostatní dlouhodobé cenné papíry a podíly', 'Other Long-term Securities', 'ASSET', 'DEBIT', NULL, NULL, NULL, NULL, false),
  ('065', '06', 'Dluhové cenné papíry držené do splatnosti', 'Debt Securities Held to Maturity', 'ASSET', 'DEBIT', NULL, NULL, NULL, NULL, false),
  ('066', '06', 'Půjčky a úvěry — ovládaná nebo ovládající osoba', 'Loans to/from Controlled Entity', 'ASSET', 'DEBIT', NULL, NULL, NULL, NULL, false),
  ('067', '06', 'Půjčky a úvěry — podstatný vliv', 'Loans to/from Associates', 'ASSET', 'DEBIT', NULL, NULL, NULL, NULL, false),
  ('069', '06', 'Jiný dlouhodobý finanční majetek', 'Other Long-term Financial Assets', 'ASSET', 'DEBIT', NULL, NULL, NULL, NULL, false),
  ('071', '07', 'Oprávky k zřizovacím výdajům', 'Accumulated Amort. — Formation Costs', 'ASSET', 'CREDIT', NULL, NULL, NULL, NULL, false),
  ('072', '07', 'Oprávky k nehmotným výsledkům VaV', 'Accumulated Amort. — R&D', 'ASSET', 'CREDIT', NULL, NULL, NULL, NULL, false),
  ('073', '07', 'Oprávky k softwaru', 'Accumulated Amort. — Software', 'ASSET', 'CREDIT', NULL, NULL, NULL, NULL, false),
  ('074', '07', 'Oprávky k ocenitelným právům', 'Accumulated Amort. — Valuable Rights', 'ASSET', 'CREDIT', NULL, NULL, NULL, NULL, false),
  ('075', '07', 'Oprávky ke goodwillu', 'Accumulated Amort. — Goodwill', 'ASSET', 'CREDIT', NULL, NULL, NULL, NULL, false),
  ('079', '07', 'Oprávky k jinému DNM', 'Accumulated Amort. — Other DNM', 'ASSET', 'CREDIT', NULL, NULL, NULL, NULL, false),
  ('081', '08', 'Oprávky ke stavbám', 'Accumulated Depr. — Buildings', 'ASSET', 'CREDIT', NULL, NULL, NULL, NULL, false),
  ('082', '08', 'Oprávky k hmotným movitým věcem', 'Accumulated Depr. — Movables', 'ASSET', 'CREDIT', NULL, NULL, NULL, NULL, false),
  ('085', '08', 'Oprávky k pěstitelským celkům', 'Accumulated Depr. — Plantations', 'ASSET', 'CREDIT', NULL, NULL, NULL, NULL, false),
  ('086', '08', 'Oprávky k dospělým zvířatům', 'Accumulated Depr. — Animals', 'ASSET', 'CREDIT', NULL, NULL, NULL, NULL, false),
  ('089', '08', 'Oprávky k jinému DHM', 'Accumulated Depr. — Other DHM', 'ASSET', 'CREDIT', NULL, NULL, NULL, NULL, false),
  ('091', '09', 'Opravná položka k DNM', 'Impairment — DNM', 'ASSET', 'CREDIT', NULL, NULL, NULL, NULL, false),
  ('092', '09', 'Opravná položka k DHM', 'Impairment — DHM', 'ASSET', 'CREDIT', NULL, NULL, NULL, NULL, false),
  ('093', '09', 'Opravná položka k nedokončenému DNM', 'Impairment — DNM in Progress', 'ASSET', 'CREDIT', NULL, NULL, NULL, NULL, false),
  ('094', '09', 'Opravná položka k nedokončenému DHM', 'Impairment — DHM in Progress', 'ASSET', 'CREDIT', NULL, NULL, NULL, NULL, false),
  ('095', '09', 'Opravná položka k poskytnutým zálohám', 'Impairment — Advances for LT Assets', 'ASSET', 'CREDIT', NULL, NULL, NULL, NULL, false),
  ('096', '09', 'Opravná položka k finančnímu majetku', 'Impairment — Financial Assets', 'ASSET', 'CREDIT', NULL, NULL, NULL, NULL, false),
  ('111', '11', 'Pořízení materiálu', 'Material Acquisition (Method A accumulator)', 'ASSET', 'DEBIT', NULL, NULL, NULL, NULL, false),
  ('112', '11', 'Materiál na skladě', 'Material in Warehouse', 'ASSET', 'DEBIT', NULL, NULL, NULL, NULL, false),
  ('119', '11', 'Materiál na cestě', 'Material in Transit', 'ASSET', 'DEBIT', NULL, NULL, NULL, NULL, false),
  ('121', '12', 'Nedokončená výroba', 'Work in Progress', 'ASSET', 'DEBIT', NULL, NULL, NULL, NULL, false),
  ('122', '12', 'Polotovary vlastní výroby', 'Semi-finished Products', 'ASSET', 'DEBIT', NULL, NULL, NULL, NULL, false),
  ('123', '12', 'Výrobky', 'Finished Goods', 'ASSET', 'DEBIT', NULL, NULL, NULL, NULL, false),
  ('124', '12', 'Mladá a ostatní zvířata', 'Young and Other Animals', 'ASSET', 'DEBIT', NULL, NULL, NULL, NULL, false),
  ('131', '13', 'Pořízení zboží', 'Goods Acquisition (Method A accumulator)', 'ASSET', 'DEBIT', NULL, NULL, NULL, NULL, false),
  ('132', '13', 'Zboží na skladě a v prodejnách', 'Goods in Warehouse and Shops', 'ASSET', 'DEBIT', NULL, NULL, NULL, NULL, false),
  ('139', '13', 'Zboží na cestě', 'Goods in Transit', 'ASSET', 'DEBIT', NULL, NULL, NULL, NULL, false),
  ('151', '15', 'Poskytnuté zálohy na materiál', 'Advances for Materials', 'ASSET', 'DEBIT', NULL, NULL, NULL, NULL, false),
  ('152', '15', 'Poskytnuté zálohy na zboží', 'Advances for Goods', 'ASSET', 'DEBIT', NULL, NULL, NULL, NULL, false),
  ('191', '19', 'Opravná položka k materiálu', 'Impairment — Material', 'ASSET', 'CREDIT', NULL, NULL, NULL, NULL, false),
  ('192', '19', 'Opravná položka k nedokončené výrobě', 'Impairment — WIP', 'ASSET', 'CREDIT', NULL, NULL, NULL, NULL, false),
  ('193', '19', 'Opravná položka k polotovarům', 'Impairment — Semi-finished', 'ASSET', 'CREDIT', NULL, NULL, NULL, NULL, false),
  ('194', '19', 'Opravná položka k výrobkům', 'Impairment — Finished Goods', 'ASSET', 'CREDIT', NULL, NULL, NULL, NULL, false),
  ('195', '19', 'Opravná položka k mladým zvířatům', 'Impairment — Young Animals', 'ASSET', 'CREDIT', NULL, NULL, NULL, NULL, false),
  ('196', '19', 'Opravná položka ke zboží', 'Impairment — Goods', 'ASSET', 'CREDIT', NULL, NULL, NULL, NULL, false),
  ('211', '21', 'Pokladna', 'Cash Till', 'ASSET', 'DEBIT', NULL, NULL, NULL, NULL, false),
  ('213', '21', 'Ceniny', 'Stamps and Vouchers', 'ASSET', 'DEBIT', NULL, NULL, NULL, NULL, false),
  ('221', '22', 'Bankovní účty', 'Bank Accounts', 'ASSET', 'DEBIT', NULL, NULL, NULL, NULL, false),
  ('231', '23', 'Krátkodobé bankovní úvěry', 'Short-term Bank Loans', 'LIABILITY', 'CREDIT', NULL, NULL, NULL, NULL, false),
  ('232', '23', 'Eskontní úvěry', 'Discounted Bills Credit', 'LIABILITY', 'CREDIT', NULL, NULL, NULL, NULL, false),
  ('241', '24', 'Emitované krátkodobé dluhopisy', 'Issued Short-term Bonds', 'LIABILITY', 'CREDIT', NULL, NULL, NULL, NULL, false),
  ('249', '24', 'Ostatní krátkodobé finanční výpomoci', 'Other Short-term Assistance', 'LIABILITY', 'CREDIT', NULL, NULL, NULL, NULL, false),
  ('251', '25', 'Majetkové cenné papíry k obchodování', 'Equity Securities Held for Trading', 'ASSET', 'DEBIT', NULL, NULL, NULL, NULL, false),
  ('252', '25', 'Vlastní akcie a obchodní podíly', 'Own Shares and Stakes', 'ASSET', 'DEBIT', NULL, NULL, NULL, NULL, false),
  ('253', '25', 'Dluhové cenné papíry k obchodování', 'Debt Securities Held for Trading', 'ASSET', 'DEBIT', NULL, NULL, NULL, NULL, false),
  ('255', '25', 'Vlastní dluhopisy', 'Own Bonds Repurchased', 'ASSET', 'DEBIT', NULL, NULL, NULL, NULL, false),
  ('256', '25', 'Dluhové CP do 1 roku držené do splatnosti', 'Short-term Debt Securities HTM', 'ASSET', 'DEBIT', NULL, NULL, NULL, NULL, false),
  ('257', '25', 'Ostatní realizovatelné cenné papíry', 'Other Available-for-sale Securities', 'ASSET', 'DEBIT', NULL, NULL, NULL, NULL, false),
  ('259', '25', 'Pořízení krátkodobého finančního majetku', 'ST Financial Asset Acquisition', 'ASSET', 'DEBIT', NULL, NULL, NULL, NULL, false),
  ('261', '26', 'Peníze na cestě', 'Cash in Transit', 'ASSET', 'DEBIT', NULL, NULL, NULL, NULL, false),
  ('291', '29', 'Opravná položka ke krátkodobému fin. majetku', 'Impairment — ST Financial Assets', 'ASSET', 'CREDIT', NULL, NULL, NULL, NULL, false),
  ('311', '31', 'Pohledávky z obchodních vztahů', 'Trade Receivables', 'ASSET', 'DEBIT', NULL, NULL, NULL, NULL, false),
  ('312', '31', 'Směnky k inkasu', 'Bills of Exchange Receivable', 'ASSET', 'DEBIT', NULL, NULL, NULL, NULL, false),
  ('313', '31', 'Pohledávky za eskontované CP', 'Receivables for Discounted Securities', 'ASSET', 'DEBIT', NULL, NULL, NULL, NULL, false),
  ('314', '31', 'Poskytnuté zálohy', 'Advances Paid', 'ASSET', 'DEBIT', NULL, NULL, NULL, NULL, false),
  ('315', '31', 'Ostatní pohledávky', 'Other Receivables', 'ASSET', 'DEBIT', NULL, NULL, NULL, NULL, false),
  ('321', '32', 'Závazky z obchodních vztahů', 'Trade Payables', 'LIABILITY', 'CREDIT', NULL, NULL, NULL, NULL, false),
  ('322', '32', 'Směnky k úhradě', 'Bills of Exchange Payable', 'LIABILITY', 'CREDIT', NULL, NULL, NULL, NULL, false),
  ('324', '32', 'Přijaté zálohy', 'Advances Received', 'LIABILITY', 'CREDIT', NULL, NULL, NULL, NULL, false),
  ('325', '32', 'Ostatní závazky', 'Other Payables', 'LIABILITY', 'CREDIT', NULL, NULL, NULL, NULL, false),
  ('331', '33', 'Zaměstnanci — mzdové závazky', 'Employee Wage Payables', 'LIABILITY', 'CREDIT', NULL, NULL, NULL, NULL, false),
  ('333', '33', 'Ostatní závazky vůči zaměstnancům', 'Other Employee Payables', 'LIABILITY', 'CREDIT', NULL, NULL, NULL, NULL, false),
  ('335', '33', 'Pohledávky za zaměstnanci', 'Receivables from Employees', 'LIABILITY', 'DEBIT', NULL, NULL, NULL, NULL, false),
  ('336', '33', 'Zúčtování s institucemi SP a ZP', 'Social + Health Insurance Settlements', 'LIABILITY', 'CREDIT', NULL, NULL, NULL, NULL, false),
  ('341', '34', 'Daň z příjmů', 'Income Tax Payable/Receivable', 'LIABILITY', 'CREDIT', NULL, NULL, NULL, NULL, false),
  ('342', '34', 'Ostatní přímé daně', 'Other Direct Taxes (withholding)', 'LIABILITY', 'CREDIT', NULL, NULL, NULL, NULL, false),
  ('343', '34', 'Daň z přidané hodnoty', 'VAT (DPH)', 'ASSET', NULL, NULL, NULL, NULL, NULL, false),
  ('344', '34', 'Daň silniční', 'Road Tax', 'LIABILITY', 'CREDIT', NULL, NULL, NULL, NULL, false),
  ('345', '34', 'Ostatní daně a poplatky', 'Other Taxes and Fees', 'LIABILITY', 'CREDIT', NULL, NULL, NULL, NULL, false),
  ('346', '34', 'Dotace ze státního rozpočtu', 'State Budget Subsidies', 'ASSET', NULL, NULL, NULL, NULL, NULL, false),
  ('347', '34', 'Ostatní dotace', 'Other Subsidies', 'ASSET', NULL, NULL, NULL, NULL, NULL, false),
  ('351', '35', 'Pohledávky za ovládanými osobami', 'Receivables from Subsidiaries', 'ASSET', 'DEBIT', NULL, NULL, NULL, NULL, false),
  ('353', '35', 'Pohledávky za účastníky sdružení', 'Receivables from Consortium Members', 'ASSET', 'DEBIT', NULL, NULL, NULL, NULL, false),
  ('354', '35', 'Pohledávky za společníky — úhrada ztráty', 'Partner Loss Coverage Receivable', 'ASSET', 'DEBIT', NULL, NULL, NULL, NULL, false),
  ('355', '35', 'Ostatní pohledávky za společníky', 'Other Partner Receivables', 'ASSET', 'DEBIT', NULL, NULL, NULL, NULL, false),
  ('361', '36', 'Závazky k ovládaným osobám', 'Payables to Subsidiaries', 'LIABILITY', 'CREDIT', NULL, NULL, NULL, NULL, false),
  ('364', '36', 'Závazky — rozdělení zisku (dividendy)', 'Dividend Payables', 'LIABILITY', 'CREDIT', NULL, NULL, NULL, NULL, false),
  ('365', '36', 'Ostatní závazky ke společníkům', 'Other Partner Payables', 'LIABILITY', 'CREDIT', NULL, NULL, NULL, NULL, false),
  ('373', '37', 'Pohledávky a závazky z pevných operací', 'Forward Contract Positions', 'ASSET', NULL, NULL, NULL, NULL, NULL, false),
  ('378', '37', 'Jiné pohledávky', 'Other Receivables', 'ASSET', 'DEBIT', NULL, NULL, NULL, NULL, false),
  ('379', '37', 'Jiné závazky', 'Other Payables', 'LIABILITY', 'CREDIT', NULL, NULL, NULL, NULL, false),
  ('381', '38', 'Náklady příštích období', 'Prepaid Expenses', 'ASSET', 'DEBIT', NULL, NULL, NULL, NULL, false),
  ('382', '38', 'Komplexní náklady příštích období', 'Complex Prepaid Expenses', 'ASSET', 'DEBIT', NULL, NULL, NULL, NULL, false),
  ('383', '38', 'Výdaje příštích období', 'Accrued Expenses', 'LIABILITY', 'CREDIT', NULL, NULL, NULL, NULL, false),
  ('384', '38', 'Výnosy příštích období', 'Deferred Revenue', 'LIABILITY', 'CREDIT', NULL, NULL, NULL, NULL, false),
  ('385', '38', 'Příjmy příštích období', 'Accrued Revenue', 'ASSET', 'DEBIT', NULL, NULL, NULL, NULL, false),
  ('388', '38', 'Dohadné účty aktivní', 'Estimated Receivables', 'ASSET', 'DEBIT', NULL, NULL, NULL, NULL, false),
  ('389', '38', 'Dohadné účty pasivní', 'Estimated Payables / Accrued Liabilities', 'LIABILITY', 'CREDIT', NULL, NULL, NULL, NULL, false),
  ('391', '39', 'Opravná položka k pohledávkám', 'Receivable Impairment Allowance', 'ASSET', 'CREDIT', NULL, NULL, NULL, NULL, false),
  ('395', '39', 'Vnitřní zúčtování', 'Internal Clearing', 'ASSET', NULL, NULL, NULL, NULL, NULL, false),
  ('398', '39', 'Spojovací účet při sdružení', 'Consortium Linking Account', 'ASSET', NULL, NULL, NULL, NULL, NULL, false),
  ('411', '41', 'Základní kapitál', 'Registered / Share Capital', 'EQUITY', 'CREDIT', NULL, NULL, NULL, NULL, false),
  ('412', '41', 'Emisní ážio', 'Share Premium', 'EQUITY', 'CREDIT', NULL, NULL, NULL, NULL, false),
  ('413', '41', 'Ostatní kapitálové fondy', 'Other Capital Funds', 'EQUITY', 'CREDIT', NULL, NULL, NULL, NULL, false),
  ('414', '41', 'Oceňovací rozdíly z přecenění majetku', 'Revaluation Differences', 'EQUITY', 'CREDIT', NULL, NULL, NULL, NULL, false),
  ('418', '41', 'Oceňovací rozdíly z přeměn', 'Revaluation Differences — Transformations', 'EQUITY', 'CREDIT', NULL, NULL, NULL, NULL, false),
  ('419', '41', 'Změny základního kapitálu', 'Capital Changes in Progress', 'EQUITY', 'CREDIT', NULL, NULL, NULL, NULL, false),
  ('421', '42', 'Rezervní fond', 'Legal Reserve Fund', 'EQUITY', 'CREDIT', NULL, NULL, NULL, NULL, false),
  ('422', '42', 'Nedělitelný fond', 'Indivisible Fund (Cooperatives)', 'EQUITY', 'CREDIT', NULL, NULL, NULL, NULL, false),
  ('423', '42', 'Statutární fondy', 'Statutory Funds', 'EQUITY', 'CREDIT', NULL, NULL, NULL, NULL, false),
  ('427', '42', 'Ostatní fondy', 'Other Voluntary Funds', 'EQUITY', 'CREDIT', NULL, NULL, NULL, NULL, false),
  ('428', '42', 'Nerozdělený zisk minulých let', 'Retained Earnings — Prior Years', 'EQUITY', 'CREDIT', NULL, NULL, NULL, NULL, false),
  ('429', '42', 'Neuhrazená ztráta minulých let', 'Accumulated Losses — Prior Years', 'EQUITY', 'DEBIT', NULL, NULL, NULL, NULL, false),
  ('431', '43', 'Výsledek hospodaření ve schvalovacím řízení', 'Result Awaiting Approval', 'EQUITY', NULL, NULL, NULL, NULL, NULL, false),
  ('451', '45', 'Zákonné rezervy', 'Statutory Provisions (Tax-deductible)', 'LIABILITY', 'CREDIT', NULL, NULL, NULL, NULL, false),
  ('453', '45', 'Rezerva na daň z příjmů', 'Income Tax Provision', 'LIABILITY', 'CREDIT', NULL, NULL, NULL, NULL, false),
  ('459', '45', 'Ostatní rezervy', 'Other Provisions (Accounting)', 'LIABILITY', 'CREDIT', NULL, NULL, NULL, NULL, false),
  ('461', '46', 'Dlouhodobé bankovní úvěry', 'Long-term Bank Loans', 'LIABILITY', 'CREDIT', NULL, NULL, NULL, NULL, false),
  ('471', '47', 'Závazky k ovládaným osobám', 'LT Payables to Subsidiaries', 'LIABILITY', 'CREDIT', NULL, NULL, NULL, NULL, false),
  ('473', '47', 'Emitované dluhopisy', 'Bonds Issued (Long-term)', 'LIABILITY', 'CREDIT', NULL, NULL, NULL, NULL, false),
  ('474', '47', 'Závazky z pronájmu', 'Lease Obligations', 'LIABILITY', 'CREDIT', NULL, NULL, NULL, NULL, false),
  ('475', '47', 'Dlouhodobé přijaté zálohy', 'Long-term Advances Received', 'LIABILITY', 'CREDIT', NULL, NULL, NULL, NULL, false),
  ('479', '47', 'Ostatní dlouhodobé závazky', 'Other Long-term Payables', 'LIABILITY', 'CREDIT', NULL, NULL, NULL, NULL, false),
  ('481', '48', 'Odložený daňový závazek a pohledávka', 'Deferred Tax Liability / Asset', 'LIABILITY', NULL, NULL, NULL, NULL, NULL, false),
  ('491', '49', 'Účet individuálního podnikatele', 'Sole Trader Capital Account', 'EQUITY', 'CREDIT', NULL, NULL, NULL, NULL, false),
  ('501', '50', 'Spotřeba materiálu', 'Material Consumption', 'EXPENSE', NULL, NULL, NULL, NULL, NULL, false),
  ('502', '50', 'Spotřeba energie', 'Energy Consumption', 'EXPENSE', NULL, NULL, NULL, NULL, NULL, false),
  ('503', '50', 'Spotřeba ostatních neskladovatelných dodávek', 'Other Non-storable Consumables', 'EXPENSE', NULL, NULL, NULL, NULL, NULL, false),
  ('504', '50', 'Prodané zboží', 'Cost of Goods Sold', 'EXPENSE', NULL, NULL, NULL, NULL, NULL, false),
  ('511', '51', 'Opravy a udržování', 'Repairs and Maintenance', 'EXPENSE', NULL, NULL, NULL, NULL, NULL, false),
  ('512', '51', 'Cestovné', 'Travel Expenses', 'EXPENSE', NULL, NULL, NULL, NULL, NULL, false),
  ('513', '51', 'Náklady na reprezentaci', 'Entertainment (non-deductible)', 'EXPENSE', NULL, NULL, NULL, NULL, NULL, false),
  ('518', '51', 'Ostatní služby', 'Other Services', 'EXPENSE', NULL, NULL, NULL, NULL, NULL, false),
  ('521', '52', 'Mzdové náklady', 'Wage Costs', 'EXPENSE', NULL, NULL, NULL, NULL, NULL, false),
  ('522', '52', 'Příjmy společníků ze závislé činnosti', 'Partner Employment Income', 'EXPENSE', NULL, NULL, NULL, NULL, NULL, false),
  ('523', '52', 'Odměny členům orgánů', 'Board/Supervisory Board Fees', 'EXPENSE', NULL, NULL, NULL, NULL, NULL, false),
  ('524', '52', 'Zákonné sociální pojištění (zaměstnavatel)', 'Employer Social + Health Insurance', 'EXPENSE', NULL, NULL, NULL, NULL, NULL, false),
  ('525', '52', 'Ostatní sociální pojištění', 'Voluntary Supplementary Insurance', 'EXPENSE', NULL, NULL, NULL, NULL, NULL, false),
  ('526', '52', 'Sociální náklady individuálního podnikatele', 'Sole Proprietor Social Costs', 'EXPENSE', NULL, NULL, NULL, NULL, NULL, false),
  ('527', '52', 'Zákonné sociální náklady', 'Statutory Employee Benefits', 'EXPENSE', NULL, NULL, NULL, NULL, NULL, false),
  ('528', '52', 'Ostatní sociální náklady', 'Voluntary Employee Benefits', 'EXPENSE', NULL, NULL, NULL, NULL, NULL, false),
  ('531', '53', 'Daň silniční', 'Road Tax', 'EXPENSE', NULL, NULL, NULL, NULL, NULL, false),
  ('532', '53', 'Daň z nemovitých věcí', 'Real Property Tax', 'EXPENSE', NULL, NULL, NULL, NULL, NULL, false),
  ('538', '53', 'Ostatní daně a poplatky', 'Other Taxes and Fees', 'EXPENSE', NULL, NULL, NULL, NULL, NULL, false),
  ('541', '54', 'ZC prodaného dlouhodobého majetku', 'NBV of Disposed LT Assets', 'EXPENSE', NULL, NULL, NULL, NULL, NULL, false),
  ('542', '54', 'Prodaný materiál', 'Cost of Sold Material', 'EXPENSE', NULL, NULL, NULL, NULL, NULL, false),
  ('543', '54', 'Dary', 'Charitable Gifts (partly non-deductible)', 'EXPENSE', NULL, NULL, NULL, NULL, NULL, false),
  ('544', '54', 'Smluvní pokuty a úroky z prodlení', 'Contractual Penalties Paid', 'EXPENSE', NULL, NULL, NULL, NULL, NULL, false),
  ('545', '54', 'Ostatní pokuty a penále', 'Other Fines (non-deductible)', 'EXPENSE', NULL, NULL, NULL, NULL, NULL, false),
  ('546', '54', 'Odpis pohledávky', 'Receivable Write-off', 'EXPENSE', NULL, NULL, NULL, NULL, NULL, false),
  ('548', '54', 'Ostatní provozní náklady', 'Other Operating Expenses', 'EXPENSE', NULL, NULL, NULL, NULL, NULL, false),
  ('549', '54', 'Manka a škody provozní', 'Operational Shortages and Losses', 'EXPENSE', NULL, NULL, NULL, NULL, NULL, false),
  ('551', '55', 'Odpisy DNM a DHM', 'Depreciation and Amortization', 'EXPENSE', NULL, NULL, NULL, NULL, NULL, false),
  ('552', '55', 'Tvorba zákonných rezerv', 'Statutory Provision Creation', 'EXPENSE', NULL, NULL, NULL, NULL, NULL, false),
  ('554', '55', 'Tvorba ostatních rezerv', 'Other Provision Creation', 'EXPENSE', NULL, NULL, NULL, NULL, NULL, false),
  ('558', '55', 'Tvorba zákonných opravných položek', 'Statutory Receivable Allowances', 'EXPENSE', NULL, NULL, NULL, NULL, NULL, false),
  ('559', '55', 'Tvorba ostatních opravných položek', 'Other Impairment Allowances', 'EXPENSE', NULL, NULL, NULL, NULL, NULL, false),
  ('561', '56', 'Prodané cenné papíry a podíly', 'Cost of Securities Sold', 'EXPENSE', NULL, NULL, NULL, NULL, NULL, false),
  ('562', '56', 'Úroky', 'Interest Expense', 'EXPENSE', NULL, NULL, NULL, NULL, NULL, false),
  ('563', '56', 'Kurzové ztráty', 'FX Losses', 'EXPENSE', NULL, NULL, NULL, NULL, NULL, false),
  ('564', '56', 'Náklady z přecenění CP', 'FV Losses — Securities', 'EXPENSE', NULL, NULL, NULL, NULL, NULL, false),
  ('566', '56', 'Náklady z finančního majetku', 'Financial Asset Losses', 'EXPENSE', NULL, NULL, NULL, NULL, NULL, false),
  ('567', '56', 'Náklady z derivátů', 'Derivative Losses', 'EXPENSE', NULL, NULL, NULL, NULL, NULL, false),
  ('568', '56', 'Ostatní finanční náklady', 'Other Financial Expenses', 'EXPENSE', NULL, NULL, NULL, NULL, NULL, false),
  ('569', '56', 'Manka a škody na finančním majetku', 'Financial Asset Shortages', 'EXPENSE', NULL, NULL, NULL, NULL, NULL, false),
  ('574', '57', 'Tvorba finančních rezerv', 'Financial Provision Creation', 'EXPENSE', NULL, NULL, NULL, NULL, NULL, false),
  ('579', '57', 'Tvorba opravných položek — finanční', 'Financial Impairment Allowances', 'EXPENSE', NULL, NULL, NULL, NULL, NULL, false),
  ('591', '59', 'Daň z příjmů splatná', 'Current Income Tax Expense', 'EXPENSE', NULL, NULL, NULL, NULL, NULL, false),
  ('592', '59', 'Daň z příjmů odložená', 'Deferred Tax Expense', 'EXPENSE', NULL, NULL, NULL, NULL, NULL, false),
  ('595', '59', 'Dodatečné odvody daně', 'Additional Tax Charges', 'EXPENSE', NULL, NULL, NULL, NULL, NULL, false),
  ('596', '59', 'Převod podílu na výsledku hospodaření', 'Result Share Transfer to Partners', 'EXPENSE', NULL, NULL, NULL, NULL, NULL, false),
  ('597', '59', 'Převod provozních nákladů', 'Transfer of Operating Expenses', 'EXPENSE', NULL, NULL, NULL, NULL, NULL, false),
  ('598', '59', 'Převod finančních nákladů', 'Transfer of Financial Expenses', 'EXPENSE', NULL, NULL, NULL, NULL, NULL, false),
  ('601', '60', 'Tržby za vlastní výrobky', 'Revenue from Own Products', 'REVENUE', NULL, NULL, NULL, NULL, NULL, false),
  ('602', '60', 'Tržby z prodeje služeb', 'Service Revenue', 'REVENUE', NULL, NULL, NULL, NULL, NULL, false),
  ('604', '60', 'Tržby za prodané zboží', 'Revenue from Goods Sold', 'REVENUE', NULL, NULL, NULL, NULL, NULL, false),
  ('611', '61', 'Změna stavu nedokončené výroby', 'Change in WIP', 'REVENUE', NULL, NULL, NULL, NULL, NULL, false),
  ('612', '61', 'Změna stavu polotovarů', 'Change in Semi-finished', 'REVENUE', NULL, NULL, NULL, NULL, NULL, false),
  ('613', '61', 'Změna stavu výrobků', 'Change in Finished Goods', 'REVENUE', NULL, NULL, NULL, NULL, NULL, false),
  ('614', '61', 'Změna stavu zvířat', 'Change in Animal State', 'REVENUE', NULL, NULL, NULL, NULL, NULL, false),
  ('621', '62', 'Aktivace materiálu a zboží', 'Capitalization of Material/Goods', 'REVENUE', NULL, NULL, NULL, NULL, NULL, false),
  ('622', '62', 'Aktivace vnitropodnikových služeb', 'Capitalization of Internal Services', 'REVENUE', NULL, NULL, NULL, NULL, NULL, false),
  ('623', '62', 'Aktivace DNM', 'Capitalization of Created DNM', 'REVENUE', NULL, NULL, NULL, NULL, NULL, false),
  ('624', '62', 'Aktivace DHM', 'Capitalization of Created DHM', 'REVENUE', NULL, NULL, NULL, NULL, NULL, false),
  ('641', '64', 'Tržby z prodeje DHM', 'Revenue from Asset Sales', 'REVENUE', NULL, NULL, NULL, NULL, NULL, false),
  ('642', '64', 'Tržby z prodeje materiálu', 'Revenue from Material Sales', 'REVENUE', NULL, NULL, NULL, NULL, NULL, false),
  ('644', '64', 'Smluvní pokuty — přijaté', 'Contractual Penalties Received', 'REVENUE', NULL, NULL, NULL, NULL, NULL, false),
  ('646', '64', 'Výnosy z odepsaných pohledávek', 'Recovered Written-off Receivables', 'REVENUE', NULL, NULL, NULL, NULL, NULL, false),
  ('648', '64', 'Ostatní provozní výnosy', 'Other Operating Revenue', 'REVENUE', NULL, NULL, NULL, NULL, NULL, false),
  ('661', '66', 'Tržby z prodeje CP a podílů', 'Revenue from Securities Sold', 'REVENUE', NULL, NULL, NULL, NULL, NULL, false),
  ('662', '66', 'Úroky', 'Interest Income', 'REVENUE', NULL, NULL, NULL, NULL, NULL, false),
  ('663', '66', 'Kurzové zisky', 'FX Gains', 'REVENUE', NULL, NULL, NULL, NULL, NULL, false),
  ('664', '66', 'Výnosy z přecenění CP a derivátů', 'FV Gains — Securities and Derivatives', 'REVENUE', NULL, NULL, NULL, NULL, NULL, false),
  ('665', '66', 'Výnosy z dlouhodobého fin. majetku', 'Income from LT Financial Assets (Dividends)', 'REVENUE', NULL, NULL, NULL, NULL, NULL, false),
  ('666', '66', 'Výnosy z krátkodobého fin. majetku', 'Income from ST Financial Assets', 'REVENUE', NULL, NULL, NULL, NULL, NULL, false),
  ('667', '66', 'Výnosy z derivátových operací', 'Derivative Gains', 'REVENUE', NULL, NULL, NULL, NULL, NULL, false),
  ('668', '66', 'Ostatní finanční výnosy', 'Other Financial Revenue', 'REVENUE', NULL, NULL, NULL, NULL, NULL, false),
  ('697', '69', 'Převod provozních výnosů', 'Transfer of Operating Revenue', 'REVENUE', NULL, NULL, NULL, NULL, NULL, false),
  ('698', '69', 'Převod finančních výnosů', 'Transfer of Financial Revenue', 'REVENUE', NULL, NULL, NULL, NULL, NULL, false),
  ('701', '70', 'Počáteční účet rozvažný', 'Opening Balance Sheet Account', 'CLOSING', NULL, NULL, NULL, NULL, NULL, false),
  ('702', '70', 'Konečný účet rozvažný', 'Closing Balance Sheet Account', 'CLOSING', NULL, NULL, NULL, NULL, NULL, false),
  ('710', '71', 'Účet zisků a ztrát', 'Profit and Loss Account', 'CLOSING', NULL, NULL, NULL, NULL, NULL, false)
ON CONFLICT (code) DO NOTHING;

COMMIT;
